ticker,company,asset_id,asset_name,stage,ind_id,ind_name,area,rare,salesM,salesYear,us_pts_K,us_wtp_pct,us_price_K,eu_pts_K,eu_wtp_pct,eu_price_K,row_pts_K,row_wtp_pct,row_price_K,tam_us_M,tam_eu_M,tam_row_M,tam_total_M,us_reach_pct,us_cs_wtp_pct,us_cs_price_K,eu_reach_pct,eu_cs_wtp_pct,eu_cs_price_K,row_reach_pct,row_cs_wtp_pct,row_cs_price_K,som_us_M,som_eu_M,som_row_M,som_total_M,implied_pen_pct
4568,Daiichi Sankyo,commercial,Enhertu (T-DXd) - HER2 ADC,"Commercial (JPY 553B FY2025, growing 30%+)",her2,HER2+ breast + gastric + NSCLC + CRC (expanding),oncology.breast.her2_pos,False,4600,2025,300,65,180,350,50,100,500,12,45,35100,17500,2700,55300,30,70,200,22,55,110,8,15,50,12600,4658,300,17558,31.8
4568,Daiichi Sankyo,datroway,Datroway (Dato-DXd) - TROP2 ADC,"Commercial (launched, exceeding forecasts)",trop2,NSCLC + TNBC + HR+/HER2- BC,oncology.lung.nsclc_driver.trop2,False,350,2025,40,55,200,45,40,110,100,8,45,4400,1980,360,6740,18,55,180,10,40,100,3,10,40,713,180,12,905,13.4
4568,Daiichi Sankyo,her3_dxd,HER3-DXd - HER3 ADC (Merck partnership),Phase 3,her3,NSCLC + breast cancer (HER3),oncology.lung.nsclc_driver.her3,False,0,,15,55,250,17,40,140,40,8,55,2062,952,176,3190,12,42,200,7,32,110,2,8,45,151,42,3,196,6.1
4568,Daiichi Sankyo,idxd,I-DXd (B7-H3 ADC) + R-DXd (CDH6 ADC) - Merck,Phase 1-3,merck_adc,B7-H3 + CDH6 solid tumors (Merck),oncology.lung.sclc,False,0,,1331.4,55,12,1426.5,40,5,1997.1,12,2,8787,2853,479,12120,3,35,200,2,25,110,0.5,8,45,2796,785,36,3616,29.8
4568,Daiichi Sankyo,japan_legacy,Japan pharma + other pipeline,Commercial + pipeline,japan,Japan domestic + Lixiana + Tarlige + oncology pipeline,cardio_metabolic.lipids.anticoagulation,False,2000,2025,6000,55,12,5000,42,6,8000,10,3,39600,12600,2400,54600,5,52,8,3,42,4,12,40,3,1248,252,1152,2652,4.9
6990,Kelun-Biotech,commercial,Sac-TMT (sacituzumab tirumotecan) — TROP2 ADC,"Commercial China (4 indications: TNBC, NSCLC, HR+/HER2- BC x2)",trop2,"TROP2 ADC across solid tumors (China approved, global w/ Merck)",oncology.breast.tnbc,False,200,2025,50,60,200,55,45,110,80,10,45,6000,2722,360,9082,12,50,180,7,38,100,10,15,45,540,146,54,740,8.2
6990,Kelun-Biotech,a166,Trastuzumab botidotin (A166) — HER2 ADC,Commercial China + global development,her2_adc,HER2+ solid tumors,oncology.breast.her2_pos,False,150,2025,300,65,180,350,50,100,500,12,45,35100,17500,2700,55300,3,35,180,2,25,100,5,15,45,567,175,169,911,1.6
6990,Kelun-Biotech,skb315,SKB315 — CLDN18.2 ADC,Phase 2/3,cldn,Claudin 18.2+ gastric/pancreatic cancer,oncology.gi.gastric_esoph,False,0,,45,60,190,55,45,105,300,8,40,5130,2599,960,8689,8,38,180,5,28,100,5,10,40,246,77,60,383,4.4
6990,Kelun-Biotech,merck_pipe,Merck-partnered ADCs (SKB410/MK-3120 Nectin-4 + SKB571/MK-2750 bsADC),Phase 1-3 (Merck advancing globally),merck_adc,Nectin-4 ADC + bispecific ADC (Merck collaboration),oncology.genitourinary.bladder,False,0,,1664.3,55,12,1783.2,40,5,2496.4,12,2,10984,3566,599,15150,2,25,200,1,18,110,0.5,5,40,1664,353,25,2042,13.5
6990,Kelun-Biotech,platform,"OptiDC platform + early pipeline (RDC, iADC, DAC, non-onc)",Preclinical/Phase 1,next_gen,Next-gen ADC modalities + non-oncology,oncology.multi_tumor.adc_platform,False,0,,887.6,55,12,951.0,40,5,1331.4,12,2,5858,1902,320,8080,0.5,12,200,0.3,8,110,0.2,3,40,107,25,3,135,1.7
ABBV,AbbVie,skyrizi,Skyrizi (risankizumab),"Commercial ($8.8B 2025, +58%)",pso,Psoriasis,dermatology.inflammatory_derm.psoriasis_systemic,False,6000.0,2025,1500,55,60,1200,42,30,2000,10,12,49500,15120,2400,67020,15,65,70,10,50,35,3,12,15,10238,2100,108,12446,18.6
ABBV,AbbVie,skyrizi,Skyrizi (risankizumab),"Commercial ($8.8B 2025, +58%)",ibd,Crohn's + UC,immunology.inflammatory_gi.crohns,False,2800.0,2025,800,55,60,650,42,30,500,10,12,26400,8190,600,35190,10,60,70,7,45,35,2,10,15,3360,717,15,4092,11.6
ABBV,AbbVie,rinvoq,Rinvoq (upadacitinib),"Commercial ($5.6B 2025, +52%)",ra,Rheumatoid arthritis,immunology.inflammatory_systemic.rheumatoid_arthritis,False,2200.0,2025,1500,55,55,1200,42,28,2000,10,10,45375,14112,2000,61487,8,65,65,6,50,35,2,12,15,5070,1260,72,6402,10.4
ABBV,AbbVie,rinvoq,Rinvoq (upadacitinib),"Commercial ($5.6B 2025, +52%)",ad,Atopic dermatitis,dermatology.inflammatory_derm.atopic_dermatitis_systemic,False,1500.0,2025,1500,55,33,1200,40,18,1500,8,8,27225,8640,960,36825,12,60,55,8,45,30,3,10,12,5940,1296,54,7290,19.8
ABBV,AbbVie,rinvoq,Rinvoq (upadacitinib),"Commercial ($5.6B 2025, +52%)",uc_rinvoq,Ulcerative colitis,immunology.inflammatory_gi.ulcerative_colitis,False,1000.0,2025,700,55,55,550,42,28,400,10,10,21175,6468,400,28043,10,55,65,7,42,35,2,10,12,2502,566,10,3078,11.0
ABBV,AbbVie,rinvoq,Rinvoq (upadacitinib),"Commercial ($5.6B 2025, +52%)",crohns_rinvoq,Crohn's disease,immunology.inflammatory_gi.crohns,False,900.0,2025,800,55,60,650,42,30,500,10,12,26400,8190,600,35190,8,55,65,5,42,35,2,10,12,2288,478,12,2778,7.9
ABBV,AbbVie,humira,Humira (adalimumab) — tail,"Commercial ($6.4B 2025, declining -36%)",ra_humira,RA legacy (declining),immunology.inflammatory_systemic.rheumatoid_arthritis,False,3000.0,2025,1500,55,55,1200,42,28,2000,10,10,45375,14112,2000,61487,12,45,55,8,35,25,4,15,10,4455,840,120,5415,8.8
ABBV,AbbVie,humira,Humira (adalimumab) — tail,"Commercial ($6.4B 2025, declining -36%)",ibd_humira,IBD legacy (Crohn's + UC),immunology.inflammatory_gi.crohns,False,1800.0,2025,800,55,60,650,42,30,500,10,12,26400,8190,600,35190,10,40,55,6,32,25,3,12,10,1760,312,18,2090,5.9
ABBV,AbbVie,humira,Humira (adalimumab) — tail,"Commercial ($6.4B 2025, declining -36%)",pso_humira,Psoriasis legacy,dermatology.inflammatory_derm.psoriasis_systemic,False,1600.0,2025,1500,55,60,1200,42,30,2000,10,12,49500,15120,2400,67020,8,35,55,5,30,25,2,12,10,2310,450,48,2808,4.2
ABBV,AbbVie,vraylar,Vraylar (cariprazine),Commercial ($4.2B 2025),schizo_vraylar,Schizophrenia,cns.psychiatry.schizophrenia,False,2000.0,2025,1500,55,25,1200,40,13,2500,8,5,20625,6240,1000,27865,15,60,28,10,45,14,3,10,6,3780,756,45,4581,16.4
ABBV,AbbVie,vraylar,Vraylar (cariprazine),Commercial ($4.2B 2025),bipolar_vraylar,Bipolar disorder,cns.psychiatry.schizophrenia,False,1200.0,2025,1500,55,25,1200,40,13,2500,8,5,20625,6240,1000,27865,10,55,28,7,40,14,2,8,6,2310,470,24,2804,10.1
ABBV,AbbVie,vraylar,Vraylar (cariprazine),Commercial ($4.2B 2025),mdd_adj_vraylar,MDD adjunctive,cns.psychiatry.depression,False,1000.0,2025,8000,55,12,5000,40,6,3000,8,3,52800,12000,720,65520,3,50,28,2,35,14,0.5,8,6,3360,490,7,3857,5.9
ABBV,AbbVie,botox_neuro,Botox Therapeutic,Commercial ($3.5B 2025),migraine,Chronic migraine + spasticity,cns.pain.migraine,False,3500.0,2025,4000,50,10,3000,38,5,2000,8,2,20000,5700,320,26020,12,55,18,8,40,10,3,10,4,4752,960,24,5736,22.0
ABBV,AbbVie,qulipta,Qulipta (atogepant),Commercial ($1.2B 2025),mig_prev,Migraine prevention,cns.pain.migraine,False,1200.0,2025,4000,50,10,3000,38,5,2000,8,2,20000,5700,320,26020,8,50,12,4,35,6,1,8,3,1920,252,5,2177,8.4
ABBV,AbbVie,imbruvica,Imbruvica (ibrutinib),"Commercial ($2.8B 2025, declining)",cll,CLL/SLL + MCL,oncology.hematology.cll_nhl,False,2800.0,2025,180,60,220,200,48,130,250,12,50,23760,12480,1500,37740,12,55,200,8,45,120,3,10,45,2376,864,34,3274,8.7
ABBV,AbbVie,venclexta,Venclexta (venetoclax),Commercial ($2.5B 2025),cll_ven,CLL/SLL (venetoclax),oncology.hematology.cll_nhl.bcl2,False,1500.0,2025,80,55,200,90,42,120,120,10,45,8800,4536,540,13876,25,60,180,18,48,110,5,12,50,2160,855,36,3051,22.0
ABBV,AbbVie,venclexta,Venclexta (venetoclax),Commercial ($2.5B 2025),aml_ven,AML (venetoclax combos),oncology.hematology.aml,False,1000.0,2025,22,60,200,25,50,110,30,10,40,2640,1375,120,4135,45,65,150,35,52,90,8,15,35,965,410,13,1387,33.6
ABBV,AbbVie,elahere,Elahere + Teliso-V (ADC pipeline),Commercial + Phase 3,ovarian,Ovarian + NSCLC,oncology.gynecologic.ovarian,False,320,2025,15,55,180,18,42,100,20,8,40,1485,756,64,2305,22,55,200,14,40,120,3,10,45,363,121,3,487,21.1
ABBV,AbbVie,botox_cosm,Botox Cosmetic,Commercial ($2.8B 2025),wrinkles,Facial aesthetics,dermatology.aesthetics.neurotoxin,False,2800.0,2025,5000,90,1.0,4000,85,0.7,5000,70,0.3,4500,2380,1050,7930,55,90,1.0,40,80,0.7,25,60,0.3,2475,896,225,3596,45.3
ABBV,AbbVie,juvederm,Juvederm + fillers,"Commercial ($1.5B 2025, declining)",fillers,Dermal fillers,dermatology.aesthetics.filler,False,1500.0,2025,3000,90,1.2,2500,85,0.8,3000,70,0.4,3240,1700,840,5780,45,85,1.2,35,75,0.8,18,55,0.4,1377,525,119,2021,35.0
ABBV,AbbVie,emraclidine,Emraclidine (Cerevel),Phase 3,schizo_new,Schizophrenia,cns.psychiatry.schizophrenia,False,0,,1500,55,25,1200,40,13,2500,8,5,20625,6240,1000,27865,8,40,25,5,30,13,2,8,5,1200,234,20,1454,5.2
ABBV,AbbVie,abbv400,ABBV-400 (c-Met ADC),Phase 2/3,nsclc,NSCLC,oncology.lung.nsclc_driver.cmet,False,0,,3,55,200,3.5,40,110,8,10,45,330,154,36,520,20,45,200,12,35,110,3,8,45,54,16,1,71,13.7
ABVX,Abivax SA,obef_uc,Obefazimod — oral miR-124 enhancer (UC),"Phase 3 (ABTECT induction positive, maintenance Q2 2026)",uc,Ulcerative colitis (mod-severe),immunology.inflammatory_gi.ulcerative_colitis,False,0,,700,55,60,550,42,30,400,10,12,23100,6930,480,30510,10,45,45,7,32,25,2,10,10,1418,308,8,1734,5.7
ABVX,Abivax SA,obef_cd,Obefazimod (Crohn's disease),"Phase 2b (ENHANCE-CD, enrolled Q3 2024)",cd,Crohn's disease,immunology.inflammatory_gi.crohns,False,0,,800,55,60,650,42,30,500,10,12,26400,8190,600,35190,5,30,45,3,22,25,1,8,10,540,107,4,651,1.9
ALLO,Allogene Therapeutics,cema_cel,cema-cel (ALLO-501A),Phase 2 pivotal,lbcl_1l,1L LBCL MRD+ consolidation,oncology.hematology.dlbcl,False,0,,277.4,55,12,297.2,40,5,416.1,12,2,1831,594,100,2525,5,35,400,3,25,200,1,5,80,1942,446,17,2404,95.2
ALLO,Allogene Therapeutics,allo329,ALLO-329 (dual CD19/CD70 Dagger),Phase 1 RESOLUTION,sle_basket,SLE / IIM / SSc basket,immunology.autoimmune.sle,False,0,,300,55,60,250,42,30,400,10,12,9900,3150,480,13530,2,20,300,1,14,150,0.3,4,50,360,53,2,415,3.1
ALLO,Allogene Therapeutics,allo316,ALLO-316 (CD70),Phase 1 TRAVERSE,ccrcc,ccRCC 2L+ (high CD70),oncology.genitourinary.rcc,False,0,,332.9,55,12,356.6,40,5,499.3,12,2,2197,713,120,3030,2,18,400,1,12,200,0.3,4,80,479,86,5,570,18.8
ALNY,Alnylam Pharmaceuticals,commercial,TTR franchise (Amvuttra + Onpattro),"Commercial ($2.49B TTR 2025, +103%)",ttr,ATTR-CM + hATTR-PN (Amvuttra/Onpattro),cardio_metabolic.attr.attr_cm,True,2490.0,2025,120,70,250,100,50,130,80,15,50,21000,6500,600,28100,30,70,475,22,55,300,8,18,120,11970,3630,138,15738,56.0
ALNY,Alnylam Pharmaceuticals,nucresiran,Nucresiran - next-gen TTR RNAi,Phase 3 (TRITON-CM + TRITON-PN),ttr_next,ATTR-CM + hATTR-PN (next-gen quarterly SC),cardio_metabolic.attr.attr_cm,True,0,,120,70,250,100,50,130,80,15,50,21000,6500,600,28100,15,50,450,10,38,280,3,12,110,4050,1064,32,5146,18.3
ALNY,Alnylam Pharmaceuticals,zilebesiran,Zilebesiran - hypertension (Roche partnership),Phase 3 CVOT (ZENITH),htn,Hypertension (twice-yearly RNAi),cardio_metabolic.hypertension.agt_knockdown,False,0,,50000,45,8,40000,35,4,80000,8,2,180000,56000,12800,248800,1.2,30,8,0.8,22,4,0.3,8,2,1440,282,38,1760,0.7
ALNY,Alnylam Pharmaceuticals,mivelsiran,Mivelsiran - Alzheimer/CAA,Phase 1/2,alz_rna,Cerebral amyloid angiopathy + Alzheimer,cns.neurodegeneration.caa,False,0,,500,50,30,400,35,15,600,8,5,7500,2100,240,9840,3,20,60,2,15,35,0.5,6,15,180,42,3,225,2.3
ALNY,Alnylam Pharmaceuticals,givlaari,Givlaari (givosiran),Commercial ($300M 2025),ahp,Acute hepatic porphyria,cardio_metabolic.rare_metabolic.porphyria,True,300.0,2025,5,75,350,6,58,180,8,12,60,1312,626,58,1996,25,72,500,18,55,320,5,15,120,450,190,7,647,32.4
ALNY,Alnylam Pharmaceuticals,oxlumo,Oxlumo (lumasiran),Commercial ($180M 2025),ph1,Primary hyperoxaluria type 1,cardio_metabolic.rare_metabolic.hyperoxaluria,True,180.0,2025,3,75,400,3.5,58,200,4,12,70,900,406,34,1340,40,75,550,28,58,350,8,15,130,495,199,6,700,52.3
ARGX,argenx,commercial,Vyvgart (efgartigimod) - FcRn,Commercial ($4.2B 2025),fcrn_comm,gMG + CIDP + expansions,immunology.neuromuscular_autoimmune.myasthenia_gravis,True,4200.0,2025,120,55,380,140,40,240,180,12,90,25080,13440,1944,40464,35,70,380,25,55,250,8,15,100,11172,4812,216,16200,40.0
ARGX,argenx,itp_expand,Vyvgart - ITP expansion,Phase 3 (H2 2026 topline),itp,Primary ITP,immunology.neuromuscular_autoimmune.itp,False,0,,60,65,100,50,48,50,70,12,20,3900,1200,168,5268,12,40,350,8,30,220,2,10,90,1008,264,13,1285,24.4
ARGX,argenx,empas,Empasiprubart (anti-C2),Phase 3 (MMN + CIDP),complement,MMN + CIDP,immunology.neuromuscular_autoimmune.mmn,True,0,,5,75,200,6,55,100,8,12,40,750,330,38,1118,18,45,300,12,35,190,3,10,80,121,48,2,171,15.3
ARGX,argenx,argx119,Adimanebart (ARGX-119) - MuSK,Phase 3 entering Q3 2026,musk,CMS,musculoskeletal.neuromuscular.cms,True,0,,3,78,300,3.5,58,150,5,10,50,702,304,25,1032,45,55,400,30,42,260,8,12,100,297,115,5,416,40.4
ARGX,argenx,pipeline,Broader AI pipeline,Phase 2/3 + Phase 1,ai_pipe,15 autoimmune indications,immunology.autoimmune.sjogrens,False,0,,1000,50,50,800,38,25,1000,8,10,25000,7600,800,33400,3,20,300,2,15,190,0.5,6,80,1800,456,24,2280,6.8
ARQT,Arcutis Biotherapeutics,commercial,ZORYVE franchise (roflumilast topical),Commercial (psoriasis + AD + sebderm approved),derm,Psoriasis + atopic dermatitis + seborrheic dermatitis,dermatology.inflammatory_derm.psoriasis_topical,False,250,2025,0,0,0,0,0,0,0,0,0,0,0,0,0,8,65,18,3,40,9,1,10,4,0,0,0,0,0
ARQT,Arcutis Biotherapeutics,zoryve_exp,ZORYVE label expansions (infant AD + new formulations),Phase 2/sNDA track,derm_exp,Infant AD + additional indications,dermatology.inflammatory_derm.atopic_dermatitis_topical,False,0,,8000,50,8,6000,38,4,10000,10,2,32000,9120,2000,43120,3,50,8,2,35,4,0.5,8,2,960,168,8,1136,2.6
ARQT,Arcutis Biotherapeutics,arq234,ARQ-234 — CD200R agonist (atopic dermatitis),"Phase 1a/1b (first-in-human, enrolling)",ad_bio,Moderate-severe atopic dermatitis (biologic-like),dermatology.inflammatory_derm.atopic_dermatitis_systemic,False,0,,1500,55,60,1200,42,30,2000,10,12,49500,15120,2400,67020,3,28,45,2,20,22,0.5,5,8,567,106,4,677,1.0
ARQT,Arcutis Biotherapeutics,arq255,ARQ-255 — JAK1 topical (alopecia areata),Phase 2,aa_top,Alopecia areata (topical JAK1),dermatology.rare_skin.alopecia_areata,False,0,,300,55,50,250,40,25,400,8,10,8250,2500,320,11070,4,30,15,2,22,8,0.5,6,3,54,9,0,63,0.6
ARQT,Arcutis Biotherapeutics,arq252,ARQ-252 — JAK1 topical (hand eczema + vitiligo),Phase 2/3,hand_vit,Hand eczema + vitiligo,dermatology.rare_skin.vitiligo,False,0,,1500,45,40,1200,32,20,2000,8,8,27000,7680,1280,35960,2,25,12,1,18,6,0.3,5,3,90,13,1,104,0.3
ARWR,Arrowhead Pharmaceuticals,commercial,REDEMPLO (plozasiran) — FCS launched,Commercial (FCS approved US/Canada/China),fcs,FCS + sHTG pending (plozasiran franchise),cardio_metabolic.lipids.triglycerides,False,200,2025,4000,50,10,3000,38,5,5000,8,2,20000,5700,800,26500,25,55,400,15,40,250,4,12,100,220000,45000,2400,267400,1009.1
ARWR,Arrowhead Pharmaceuticals,zodasiran,Zodasiran — ANGPTL3 (mixed hyperlipidemia),Phase 3,lipid,Mixed hyperlipidemia / ASCVD,cardio_metabolic.lipids.ldl_lowering,False,0,,20000,50,8,16000,40,4,30000,8,2,80000,25600,4800,110400,2,30,10,1.2,22,6,0.3,8,3,1200,253,22,1475,1.3
ARWR,Arrowhead Pharmaceuticals,aro_dimer,ARO-DIMER-PA (PCSK9+APOC3 dual),Phase 1/2a (dosing),ascvd,ASCVD due to mixed hyperlipidemia,cardio_metabolic.lipids.lpa,False,0,,5000,50,10,4000,38,5,8000,8,2,25000,7600,1280,33880,1.5,25,12,1,18,7,0.3,6,3,225,50,4,280,0.8
ARWR,Arrowhead Pharmaceuticals,obesity,ARO-INHBE + ARO-ALK7 (obesity RNAi),Phase 1/2a,obesity,Obesity (RNAi approach),cardio_metabolic.obesity.general,False,0,,40000,50,15,30000,35,8,50000,8,3,300000,84000,12000,396000,1,20,15,0.6,15,9,0.2,5,4,1200,243,20,1463,0.4
ARWR,Arrowhead Pharmaceuticals,aro_mapt,ARO-MAPT — CNS (Alzheimer's/tauopathies),Phase 1 (TRiM platform),cns,Tauopathies (Alzheimer's),cns.neurodegeneration.alzheimer,False,0,,6000,50,28,5000,35,15,10000,8,5,84000,26250,4000,114250,2,18,35,1.3,13,20,0.3,5,8,756,169,12,937,0.8
AXSM,Axsome Therapeutics,auvelity,Auvelity (DXM/bupropion),Commercial ($480M 2025),mdd,MDD,cns.psychiatry.depression,False,480.0,2025,8000,55,12,6000,40,6,10000,8,3,52800,14400,2400,69600,2.5,55,15,1.5,38,8,0.3,10,4,1650,274,12,1936,2.8
AXSM,Axsome Therapeutics,sunosi,Sunosi (solriamfetol),Commercial ($130M 2025),eds,Excessive daytime sleepiness,cns.sleep.narcolepsy,False,130.0,2025,200,65,80,150,48,40,200,10,15,10400,2880,300,13580,12,55,90,8,38,55,2,10,20,1188,251,8,1447,10.7
AXSM,Axsome Therapeutics,symbravo,Symbravo,Commercial (launched 2025),gad,GAD,cns.psychiatry.anxiety,False,50,2025,6000,50,10,4000,38,5,5000,8,2,30000,7600,800,38400,1,30,12,0.6,22,6,0.1,6,3,216,32,1,249,0.6
AXSM,Axsome Therapeutics,axs05_ad,AXS-05 — Alzheimer's disease agitation,"sNDA filed (PDUFA Apr 30, 2026, Priority Review)",ad_agit,AD agitation,cns.neurodegeneration.alzheimer,False,0,,6000,50,28,5000,35,15,10000,8,5,84000,26250,4000,114250,10,45,32,6,32,18,1,8,8,8640,1728,64,10432,9.1
AXSM,Axsome Therapeutics,axs14,AXS-14 — fibromyalgia,NDA submitted,fibro,Fibromyalgia,cns.psychiatry.pain_fibromyalgia,False,0,,4000,50,10,3000,35,5,4000,8,2,20000,5250,640,25890,2,38,12,1.2,28,7,0.3,8,3,365,71,3,438,1.7
AXSM,Axsome Therapeutics,solri_adhd,Solriamfetol — ADHD + MDD-EDS + BED,Phase 3 (multiple),sol_expan,ADHD + MDD with EDS + BED + SWD,cns.psychiatry.adhd,False,0,,6000,55,12,3000,38,6,4000,8,3,39600,6840,960,47400,2,35,14,1.2,25,8,0.2,6,4,588,72,2,662,1.4
AXSM,Axsome Therapeutics,axs12,AXS-12 — narcolepsy,NDA track (ENCORE Phase 3),narco,Narcolepsy,cns.sleep.narcolepsy,False,0,,200,65,80,150,48,40,200,10,15,10400,2880,300,13580,15,50,85,10,38,50,2,10,20,1275,285,8,1568,11.5
BBIO,BridgeBio Pharma,commercial,Attruby (acoramidis) — ATTR-CM,"Commercial (US Nov 2024, EU/Japan/UK approved)",attr_cm,Transthyretin amyloid cardiomyopathy (ATTR-CM),cardio_metabolic.attr.attr_cm,True,600,2025,120,70,250,100,50,130,80,15,50,21000,6500,600,28100,15,55,260,10,40,160,3,12,65,2574,640,19,3233,11.5
BBIO,BridgeBio Pharma,bbp418,BBP-418 (ribitol) — LGMD2I/R9,NDA planned H1 2026 (FORTIFY Phase 3 positive),lgmd,Limb-girdle muscular dystrophy 2I/R9,musculoskeletal.neuromuscular.lgmd,True,0,,5,75,1500,6,55,800,8,12,300,5625,2640,288,8553,50,55,400,35,42,250,8,12,100,550,220,8,778,9.1
BBIO,BridgeBio Pharma,infig,Infigratinib — achondroplasia,Phase 3 positive (low-dose),achon,Achondroplasia,musculoskeletal.bone_cartilage.achondroplasia,True,0,,10,75,350,12,55,180,15,12,60,2625,1188,108,3921,30,50,320,20,38,200,5,10,80,480,182,6,668,17.0
BBIO,BridgeBio Pharma,encal,Encaleret — ADH1 (autosomal dominant hypocalcemia),Phase 3 positive,adh1,Autosomal dominant hypocalcemia type 1,endocrine.calcium.adh1,True,0,,1,78,350,1.2,58,180,1.5,10,60,273,125,9,407,55,60,350,40,45,220,10,15,90,116,48,2,165,40.5
BBIO,BridgeBio Pharma,depleter,TTR amyloid depleter antibody + combo pipeline,Preclinical (clinic 2027-2028),attr_next,ATTR-CM disease reversal (next-gen),cardio_metabolic.attr.attr_cm,True,0,,120,70,250,100,50,130,80,15,50,21000,6500,600,28100,5,20,250,3,15,160,0.5,5,60,300,72,1,373,1.3
BCYC,Bicycle Therapeutics,zelenectide,Zelenectide pevedotin (BT8009) - Nectin-4 BDC,"Phase 2/3 (Duravelo-2 mUC approval path rejected, dose selected)",muc,Metastatic urothelial cancer + breast + NSCLC,oncology.genitourinary.bladder,False,0,,665.7,55,12,713.3,40,5,998.6,12,2,4394,1427,240,6060,3,25,180,2,18,100,0.5,5,35,899,257,9,1164,19.2
BCYC,Bicycle Therapeutics,nuzefatide,Nuzefatide pevedotin (BT5528) - EphA2 BDC,Phase 1/2 (mUC combo + PDAC Ph2 enrolling),epha2,EphA2+ tumors (PDAC + mUC),oncology.gi.pancreatic,False,0,,60,55,180,65,42,100,120,8,40,5940,2730,384,9054,4,22,180,2,15,100,0.5,5,35,95,20,1,116,1.3
BCYC,Bicycle Therapeutics,brc,Bicycle Radioconjugates (BRC) — radiopharmaceuticals,Preclinical/Phase 1 imaging (BT1702 MT1-MMP lead),radio,Targeted radionuclide therapy (MT1-MMP + EphA2),oncology.lung.nsclc_undruggable,False,0,,554.8,55,12,594.4,40,5,832.1,12,2,3662,1189,200,5050,1,12,200,0.5,8,110,0.2,3,40,133,26,2,161,3.2
BCYC,Bicycle Therapeutics,bt7480,BT7480 - Bicycle TICA (Nectin-4 x CD137),Phase 1 (to be out-partnered after H1 2026 data),tica,Tumor-targeted immune cell agonist,oncology.genitourinary.bladder,False,0,,554.8,55,12,594.4,40,5,832.1,12,2,3662,1189,200,5050,1.5,15,180,0.8,10,100,0.3,3,35,225,48,3,275,5.4
BCYC,Bicycle Therapeutics,platform,Bicycle platform partnerships + discovery,Preclinical/discovery,disc,Broader Bicycle applications,oncology.multi_tumor.bicycle_discovery,False,0,,332.9,55,12,356.6,40,5,499.3,12,2,2197,713,120,3030,0.5,8,180,0.3,5,100,0.1,2,35,24,5,0,30,1.0
BHVN,Biohaven Ltd.,bhv7000,Opakalim (BHV-7000) — Kv7 activator,Phase 2/3 (RISE pivotal),epilepsy,Focal epilepsy,cns.epilepsy.focal,False,0,,1200,55,20,1000,42,10,2000,10,4,13200,4200,800,18200,5,40,15,3,30,8,1,8,3,360,72,5,437,2.4
BHVN,Biohaven Ltd.,bhv1300,BHV-1300 — IgG MoDE degrader,Phase 1b (pivotal H2 2026),graves,Graves' disease,endocrine.thyroid.graves,False,0,,500,55,30,400,42,15,600,10,5,8250,2520,300,11070,4,30,30,2,22,15,0.5,8,5,180,26,1,208,1.9
BHVN,Biohaven Ltd.,bhv1400,BHV-1400 — Gd-IgA1 TRAP degrader,Phase 1 expansion (pivotal Q1 2026),igan,IgA nephropathy,immunology.autoimmune.iga_nephropathy,False,0,,130,60,80,120,45,40,300,10,15,6240,2160,450,8850,5,30,60,3,22,30,1,8,12,117,24,3,144,1.6
BHVN,Biohaven Ltd.,taldef,Taldefgrobep alfa — myostatin-activin inhibitor,"Phase 2 (obesity, enrolled)",obesity,Obesity,cardio_metabolic.obesity.general,False,0,,40000,50,15,30000,35,8,50000,8,3,300000,84000,12000,396000,0.3,25,12,0.15,18,6,0.05,5,2,360,49,2,411,0.1
BHVN,Biohaven Ltd.,bhv1510,BHV-1510 — Trop2 ADC,Phase 1,onc,Solid tumors (epithelial),oncology.gi.colorectal,False,0,,150,60,180,170,45,100,350,10,40,16200,7650,1400,25250,2,20,180,1,15,100,0.5,5,40,108,26,4,137,0.5
BOLD,Boundless Bio,bbi940_er,BBI-940 — Kinesin degrader (ER+/HER2- breast cancer),IND accepted Jan 2026 · Phase 1 KOMODO-1 starting H1 2026,er_her2_neg_amp,ER+/HER2- mBC with oncogene amplifications,oncology.breast.hr_her2_neg,False,0,,554.8,55,12,594.4,40,5,832.1,12,2,3662,1189,200,5050,1,12,150,0.5,8,80,0.2,3,30,100,19,1,120,2.4
BOLD,Boundless Bio,bbi940_tnbc,BBI-940 — Kinesin degrader (TNBC LAR subtype),IND accepted Jan 2026 · Phase 1 KOMODO-1 starting H1 2026,tnbc_lar_amp,TNBC luminal androgen receptor subtype with oncogene amplifications,oncology.breast.tnbc,True,0,,50,60,200,55,45,110,80,10,45,6000,2722,360,9082,3,15,150,1.5,10,80,0.5,4,30,34,7,0,41,0.4
CAMX,Camurus,commercial,Buvidal/Brixadi — long-acting buprenorphine (opioid dependence),"Commercial (SEK 1.8B+ 2025, Brixadi royalties growing)",oud,Opioid use disorder (EU Buvidal + US Brixadi royalties),cns.psychiatry.opioid_dependence,False,400,2025,0,0,0,0,0,0,0,0,0,0,0,0,0,25,60,15,15,50,8,5,12,3,0,0,0,0,0
CAMX,Camurus,oczyesa,Oczyesa/Oclaiz (CAM2029) — octreotide SC depot (acromegaly),"Commercial EU (launched Nov 2025) + US PDUFA Jun 10, 2026",acro,Acromegaly,endocrine.pituitary.acromegaly,True,80,2025,15,72,120,18,55,60,20,12,25,1296,594,60,1950,25,65,100,15,50,55,5,12,22,244,74,3,321,16.4
CAMX,Camurus,sorento,CAM2029 — GEP-NET (SORENTO Phase 3),Phase 3 (primary readout mid-H2 2026),gepnet,Gastroenteropancreatic neuroendocrine tumors,oncology.neuroendocrine.gepnet,True,0,,11.3,75,250,13.2,55,110,13.2,15,40,2119,799,79,2997,18,50,200,12,40,100,3,12,35,203,63,2,268,9.0
CAMX,Camurus,pld,CAM2029 — polycystic liver disease,Phase 2b positive (POSITANO) + Phase 2/3 planned,pld,Polycystic liver disease / ADPKD,cardio_metabolic.liver.pld_adpkd,False,0,,140,65,80,120,48,40,150,10,15,7280,2304,225,9809,5,35,60,3,25,30,1,8,12,147,27,1,175,1.8
CAMX,Camurus,lilly,Lilly FluidCrystal incretin partnership,Phase 1 (CAM2056 monthly semaglutide enrolled),incretin,Long-acting incretins (obesity/T2D),cardio_metabolic.obesity.general,False,0,,40000,50,15,30000,35,8,50000,8,3,300000,84000,12000,396000,0.2,18,12,0.1,12,6,0.03,5,2,173,22,2,196,0.0
CELC,Celcuity,geda_wt,Gedatolisib — pan-PI3K/mTOR (PIK3CA wild-type),"NDA filed (Priority Review, PDUFA Jul 17, 2026)",bc_wt,"HR+/HER2- breast cancer (PIK3CA WT, 2L+)",oncology.breast.hr_her2_neg,False,0,,665.7,55,12,713.3,40,5,998.6,12,2,4394,1427,240,6060,15,55,150,8,40,80,2,10,30,8238,1826,60,10124,167.1
CELC,Celcuity,geda_mt,Gedatolisib (PIK3CA mutant),"Phase 3 (VIKTORIA-1 mutant cohort, topline Q2 2026)",bc_mt,"HR+/HER2- breast cancer (PIK3CA mutant, 2L+)",oncology.breast.hr_her2_neg,False,0,,443.8,55,12,475.5,40,5,665.7,12,2,2929,951,160,4040,10,48,150,5,35,80,1.5,8,30,3195,666,24,3885,96.2
CELC,Celcuity,geda_1l,Gedatolisib (1L advanced breast cancer),Phase 3 (VIKTORIA-2),bc_1l,HR+/HER2- ABC first-line,oncology.breast.hr_her2_neg,False,0,,887.6,55,12,951.0,40,5,1331.4,12,2,5858,1902,320,8080,5,35,150,3,25,80,1,6,30,2330,571,24,2925,36.2
CELC,Celcuity,geda_prost,Gedatolisib (mCRPC prostate cancer),Phase 1/2,prost,Metastatic castration-resistant prostate cancer,oncology.genitourinary.prostate,False,0,,554.8,55,12,594.4,40,5,832.1,12,2,3662,1189,200,5050,2,22,150,1,15,80,0.5,5,30,366,71,6,444,8.8
CRSP,CRISPR Therapeutics,casgevy,Casgevy (exa-cel) - SCD + TDT,"Commercial ($116M 2025, partnered w/ Vertex)",scd_tdt,SCD + beta-thalassemia gene editing cure,hematology.rare_blood.hemoglobinopathy,True,116.0,2025,100,65,200,60,50,100,300,8,30,13000,3000,720,16720,3,60,440,1.5,45,220,0.3,8,70,792,89,5,886,5.3
CRSP,CRISPR Therapeutics,ctx310,CTX310 - in vivo ANGPTL3 editing (CV),Phase 1 (NEJM published),cv_edit,Cardiovascular gene editing,cardio_metabolic.lipids.lpa,False,0,,5000,50,10,4000,38,5,8000,8,2,25000,7600,1280,33880,0.5,20,250,0.3,15,130,0.1,5,50,1250,234,20,1504,4.4
CRSP,CRISPR Therapeutics,ctx460,CTX460 - in vivo AATD editing,Preclinical (clinic mid-2026),aatd,Alpha-1 antitrypsin deficiency,cardio_metabolic.liver.a1at,True,0,,3,75,350,4,55,180,3,12,60,788,396,22,1205,8,15,350,5,10,180,1,5,60,13,4,0,16,1.4
CRSP,CRISPR Therapeutics,zugocel,CTX611 - allogeneic CAR-T (autoimmune),Phase 1/2 (SLE remission at 9mo),cart_ai,Autoimmune CAR-T (SLE),immunology.autoimmune.sle,False,0,,300,55,60,250,42,30,400,10,12,9900,3150,480,13530,2,25,350,1,18,180,0.3,5,60,525,81,4,610,4.5
CRSP,CRISPR Therapeutics,discovery,CTX340 + diabetes + discovery,Phase 1 / preclinical,other,Diabetes islet cells + other,cardio_metabolic.diabetes.t1d,False,0,,1600,55,12,1200,45,6,2500,10,3,10560,3240,750,14550,0.3,12,200,0.2,8,100,0.05,3,30,115,19,1,136,0.9
CRVO,CervoMed,nef_dlb,Neflamapimod — p38α inhibitor (DLB),"Phase 3 ready (FDA aligned, H2 2026 start pending financing)",dlb,Dementia with Lewy Bodies,cns.neurodegeneration.dlb,False,0,,1400,50,25,1100,35,12,1500,8,5,17500,4620,600,22720,3,35,25,2,25,12,0.5,6,5,368,66,2,436,1.9
CRVO,CervoMed,nef_stroke,Neflamapimod (ischemic stroke recovery),"Phase 2a (RESTORE, enrolling mid-2026)",stroke,Post-ischemic stroke recovery,cns.neurodegeneration.stroke,False,0,,800,50,20,700,38,10,2000,8,4,8000,2660,640,11300,0.5,18,20,0.3,12,10,0.1,3,4,14,3,0,17,0.2
CRVO,CervoMed,nef_als,Neflamapimod (ALS),"Phase 2 (EXPERTS-ALS, initiating H2 2026)",als,Amyotrophic lateral sclerosis,cns.neurodegeneration.als,True,0,,30,70,150,35,52,80,40,12,30,3150,1456,144,4750,5,25,100,3,18,50,1,5,20,38,9,0,47,1.0
CRVO,CervoMed,nef_ppa,Neflamapimod (nfvPPA),Phase 2a (topline H2 2026),ppa,Non-fluent variant primary progressive aphasia,cns.neurodegeneration.ppa,True,0,,30,55,30,25,40,15,35,8,5,495,150,14,659,5,22,30,3,15,15,1,5,6,10,2,0,12,1.8
CRVS,Corvus Pharmaceuticals,soq_ptcl,Soquelitinib — Peripheral T-Cell Lymphoma (PTCL),"Phase 3 registrational (interim YE2026, completion 2027)",ptcl,Relapsed/refractory PTCL,oncology.hematology.tcell_lymphoma,True,0,,3.0,75,250,3.5,55,110,3.5,15,40,562,212,21,795,25,55,200,15,42,100,4,10,35,82,22,0,105,13.2
CRVS,Corvus Pharmaceuticals,soq_ad,Soquelitinib — Atopic Dermatitis (oral),"Phase 2 starting Q1/Q2 2026 (~200 patients, 12-week)",ad,Moderate-severe atopic dermatitis,dermatology.inflammatory_derm.atopic_dermatitis_systemic,False,0,,1500,55,60,1200,42,30,2000,10,12,49500,15120,2400,67020,3,25,40,2,18,20,0.5,5,8,450,86,4,540,0.8
CRVS,Corvus Pharmaceuticals,soq_asthma,Soquelitinib — Severe Asthma (Phase 2 PoC),Phase 2 PoC starting 2026,severe_asthma,Severe biologic-eligible asthma (Th2-high),respiratory.inflammatory.severe_asthma,False,0,,1331.4,55,12,1426.5,40,5,1997.1,12,2,8787,2853,479,12120,1,18,40,0.5,12,20,0.2,4,8,96,17,1,114,0.9
CRVS,Corvus Pharmaceuticals,soq_hs,Soquelitinib — Hidradenitis Suppurativa (Phase 2 PoC),Phase 2 PoC starting 2026,hs,Moderate-severe hidradenitis suppurativa,dermatology.inflammatory_derm.hidradenitis_suppurativa,False,0,,200,55,60,160,42,30,200,10,12,6600,2016,240,8856,5,28,45,3,20,22,1,5,8,126,21,1,148,1.7
DFTX,Definium Therapeutics,dt120,DT120 ODT (lysergide),Phase 3,gad,GAD,cns.psychiatry.anxiety,False,0,,6000,50,10,4000,38,5,5000,8,2,30000,7600,800,38400,3,35,15,2,25,8,0.3,6,3,945,160,3,1108,2.9
DFTX,Definium Therapeutics,dt120,DT120 ODT (lysergide),Phase 3,mdd,MDD,cns.psychiatry.depression,False,0,,8000,55,12,6000,40,6,10000,8,3,52800,14400,2400,69600,2,30,18,1.2,22,10,0.2,5,4,864,158,4,1026,1.5
DFTX,Definium Therapeutics,dt402,DT402 (R-MDMA),Phase 2a,asd,ASD,cns.psychiatry.asd,False,0,,2000,45,15,1500,32,8,3000,6,3,13500,3840,540,17880,1,20,20,0.6,15,12,0.1,5,5,80,16,1,97,0.5
GILD,Gilead Sciences,len_prev,Lenacapavir — HIV prevention expansion,Commercial (Yeztugo) + label expansions,hiv_prev,HIV PrEP (twice-yearly injection),infectious_disease.anti_infective.hiv_prevention,False,500,2025,1200,55,45,800,42,20,5000,10,3,29700,6720,1500,37920,8,55,28,4,30,18,1,8,6,1478,173,24,1675,4.4
GILD,Gilead Sciences,trodelvy,Trodelvy — 1L metastatic TNBC + breast cancer,"sNDA (ASCENT-04 positive, PDUFA H2 2026)",onc_bc,Breast cancer (1L TNBC + expansion),oncology.breast.tnbc,False,0,,50,60,200,55,45,110,80,10,45,6000,2722,360,9082,22,55,220,14,40,130,3,10,55,1331,400,13,1745,19.2
GILD,Gilead Sciences,anito_cel,Anito-cel — CAR-T (multiple myeloma),"BLA review (Kite/Gilead, PDUFA H2 2026)",mm_cart,Multiple myeloma (CAR-T),oncology.hematology.myeloma.car_t,False,0,,3,55,465,4,35,350,5,8,200,767,490,80,1337,8,45,465,5,28,350,1,8,180,50,20,1,71,5.3
GILD,Gilead Sciences,liver,Liver disease + Veklury,Commercial ($4.1B 2025),liver_port,Liver (Livdelzi + HCV + HBV) + Veklury,cardio_metabolic.liver.hbv_functional_cure,False,4100.0,2025,850,55,60,1200,42,30,50000,5,5,28050,15120,12500,55670,12,60,75,8,42,45,2,15,18,4590,1814,2700,9104,16.4
GILD,Gilead Sciences,biktarvy,Biktarvy (BIC/FTC/TAF),Commercial ($14.1B 2025),hiv_tx,HIV treatment,infectious_disease.anti_infective.hiv_treatment,False,14100.0,2025,1200,65,40,800,50,20,20000,8,1.5,31200,8000,2400,41600,45,75,42,25,48,25,8,18,10,17010,2400,2880,22290,53.6
GILD,Gilead Sciences,descovy,Descovy + Truvada,Commercial ($2.0B 2025),hiv_prep,HIV PrEP,infectious_disease.anti_infective.hiv_prevention,False,2000.0,2025,1200,55,45,800,42,20,5000,10,3,29700,6720,1500,37920,25,60,25,8,22,15,1,5,6,4500,211,15,4726,12.5
GLMD,Galmed Pharmaceuticals,aramchol_onco,Aramchol — GI oncology combo (Stivarga + metformin),"Phase 1b early 2026 at VCU Massey (mCRC, HCC, cholangiocarcinoma)",crc,Metastatic colorectal cancer (Aramchol + regorafenib combo),oncology.gi.colorectal,False,0,,150,60,180,170,45,100,350,10,40,16200,7650,1400,25250,1,12,30,0.5,8,15,0.2,3,6,5,1,0,7,0.0
GLMD,Galmed Pharmaceuticals,aramchol_hcc,Aramchol — HCC (same Phase 1b),Phase 1b early 2026 (dose escalation shared with mCRC),hcc,Hepatocellular carcinoma (Aramchol + regorafenib combo),oncology.gi.hcc,False,0,,35,60,200,40,45,110,400,7,40,4200,1980,1120,7300,1.5,12,30,0.8,8,15,0.3,3,6,2,0,0,2,0.0
GLMD,Galmed Pharmaceuticals,aramchol_chol,Aramchol — cholangiocarcinoma (same Phase 1b),Phase 1b early 2026 (dose escalation shared),chol,Cholangiocarcinoma (Aramchol + regorafenib combo),oncology.gi.cholangiocarcinoma,True,0,,12,65,200,14,50,110,25,10,45,1560,770,112,2442,2,15,30,1,10,15,0.5,5,6,1,0,0,1,0.1
GLMD,Galmed Pharmaceuticals,aramchol_pd,Aramchol brain-penetrant LNP — Parkinson's disease,Preclinical → Phase 1b/2 PoC planned H2 2026 (subject to regulatory advice),pd,Parkinson disease / synucleinopathies,cns.neurodegeneration.parkinson_disease,False,0,,1000,55,25,800,42,12,1500,10,5,13750,4032,750,18532,0.5,8,25,0.3,5,12,0.1,2,5,10,1,0,12,0.1
GLMD,Galmed Pharmaceuticals,aramchol_nash_legacy,Aramchol — NASH/MASH (legacy Phase 3 ARMOR),"ARMOR Phase 3 program — essentially dormant, combination-only strategy",mash,NASH/MASH combination therapy,cardio_metabolic.liver.mash,False,0,,3000,50,30,2500,38,15,4000,8,6,45000,14250,1920,61170,0.3,8,20,0.15,5,10,0.05,2,4,14,2,0,16,0.0
IONS,Ionis Pharmaceuticals,commercial,TRYNGOLZA (olezarsen) — FCS + sHTG,"Commercial FCS + sHTG sNDA (PDUFA Apr 3, 2026)",tg,Triglyceride franchise (FCS launched + sHTG pending),cardio_metabolic.lipids.triglycerides,True,150,2025,4000,50,10,3000,38,5,5000,8,2,20000,5700,800,26500,5,50,300,3,35,180,0.5,10,70,30000,5670,175,35845,135.3
IONS,Ionis Pharmaceuticals,dawnzera,DAWNZERA (donidalorsen) — HAE,"Commercial (launched Q3 2025, EU approved Jan 2026)",hae,Hereditary angioedema,immunology.autoimmune.hereditary_angioedema,True,80,2025,7,78,400,8,60,200,10,15,70,2184,960,105,3249,12,40,400,8,28,250,2,8,100,134,45,2,181,5.6
IONS,Ionis Pharmaceuticals,zilgan,Zilganersen — Alexander disease,NDA submitted Q1 2026,axd,Alexander disease,cns.neurodegeneration.alexander,True,0,,0.5,80,500,0.6,60,250,0.8,10,80,200,90,6,296,55,65,550,40,45,350,10,12,130,98,38,1,137,46.3
IONS,Ionis Pharmaceuticals,eplont,Eplontersen (WAINUA) — ATTR (partnered w/ AZ),Commercial (ATTRv-PN) + Phase 3 ATTR-CM (CARDIO-TTRansform H2 2026),attr,ATTR polyneuropathy + cardiomyopathy (AZ royalties),cardio_metabolic.attr.attr_pn,True,100,2025,10,75,300,12,55,150,15,15,60,2250,990,135,3375,18,50,350,12,38,220,3,10,90,315,120,4,439,13.0
IONS,Ionis Pharmaceuticals,bepiro,Bepirovirsen — chronic Hep B (partnered w/ GSK),Phase 3 positive (B-Well 1 + 2 hit primary),hbv,Chronic hepatitis B functional cure,cardio_metabolic.liver.hbv_functional_cure,False,0,,850,55,60,1200,42,30,50000,5,5,28050,15120,12500,55670,15,45,65,10,32,40,8,15,18,3729,1536,10800,16065,28.9
IONS,Ionis Pharmaceuticals,pelac,Pelacarsen — Lp(a) (partnered w/ Novartis),Phase 3 (HORIZON CVOT readout mid-2026),lpa,Lp(a) cardiovascular risk,cardio_metabolic.lipids.lpa,False,0,,5000,50,10,4000,38,5,8000,8,2,25000,7600,1280,33880,2,30,12,1.2,22,7,0.3,6,3,360,74,4,438,1.3
JANX,Janux Therapeutics,janx007,JANX007 — PSMA-TRACTr (mCRPC),"Phase 1a/b (109 patients treated, expansion cohorts)",mcrpc,Metastatic castration-resistant prostate cancer,oncology.genitourinary.prostate,False,0,,1331.4,55,12,1426.5,40,5,1997.1,12,2,8787,2853,479,12120,3,25,200,1.5,18,110,0.5,5,40,1997,424,20,2441,20.1
JANX,Janux Therapeutics,janx008,JANX008 — EGFR-TRACTr (solid tumors),"Phase 1 (dose escalation complete, expansion cohorts initiated)",egfr_solid,CRC + SCCHN + NSCLC + RCC + PDAC + TNBC (EGFR),oncology.gi.colorectal,False,0,,150,60,180,170,45,100,350,10,40,16200,7650,1400,25250,3,20,180,1.5,15,100,0.5,4,40,162,38,3,203,0.8
JANX,Janux Therapeutics,janx011,JANX011 — CD19-ARM (autoimmune),Phase 1 (first patient dosed),autoimmune,Autoimmune diseases (CD19 ARM platform),immunology.autoimmune.sle,False,0,,300,55,60,250,42,30,400,10,12,9900,3150,480,13530,2,18,300,1,12,150,0.3,4,50,324,45,2,371,2.7
JANX,Janux Therapeutics,psma_tracir,PSMA-TRACIr — CD28 costimulatory,Preclinical (IND-enabling),tracir,PSMA combination immunomodulator,oncology.genitourinary.prostate,False,0,,887.6,55,12,951.0,40,5,1331.4,12,2,5858,1902,320,8080,1,12,200,0.5,8,110,0.2,3,40,213,42,3,258,3.2
JANX,Janux Therapeutics,merck_bms,Merck + BMS collaboration programs,Preclinical/early clinical,partnerships,Partnered TRACTr programs,oncology.lung.nsclc_undruggable,False,0,,665.7,55,12,713.3,40,5,998.6,12,2,4394,1427,240,6060,0.5,10,200,0.3,7,110,0.1,3,40,67,16,1,84,1.4
KRYS,Krystal Biotech,commercial,VYJUVEK — redosable gene therapy (DEB),"Commercial (US 2023, EU 2025, Japan 2025)",deb,Dystrophic epidermolysis bullosa (global),dermatology.rare_skin.deb,True,350,2025,2.5,80,500,3.0,55,320,5.0,15,120,1000,528,90,1618,60,75,500,40,50,320,10,15,120,562,192,9,764,47.2
KRYS,Krystal Biotech,kb803,KB803 — ocular DEB gene therapy,Phase 3 registrational (topline 2026),ocular_deb,Ocular complications of DEB,ophthalmology.anterior_neuro.deb_ocular,True,0,,1.1,75,250,1.3,55,110,1.3,15,40,206,79,8,293,45,55,350,30,42,220,6,12,90,95,36,1,132,45.2
KRYS,Krystal Biotech,kb801,KB801 — neurotrophic keratitis,"Phase 3 registrational (expanded to 60pts, topline end 2026)",nk,Neurotrophic keratitis,ophthalmology.anterior_neuro.neurotrophic_keratitis,True,0,,1.9,75,250,2.2,55,110,2.2,15,40,356,133,13,503,25,50,350,15,38,220,3,10,85,83,28,1,111,22.1
KRYS,Krystal Biotech,kb407,KB407 — inhaled gene therapy (Cystic Fibrosis),"Phase 1 (CORAL-1 Cohort 3 positive, CORAL-3 repeat dose planned)",cf,Cystic fibrosis,respiratory.genetic.cystic_fibrosis,True,0,,37.7,75,250,44.0,55,110,44.0,15,40,7069,2662,264,9995,6,30,300,4,20,180,1,6,70,204,63,2,269,2.7
KRYS,Krystal Biotech,kb707,KB707 — redosable immunotherapy (NSCLC),Phase 1/2,nsclc,Non-small cell lung cancer,oncology.lung.nsclc_driver.other,False,0,,10,50,180,12,40,100,25,8,40,900,480,80,1460,3,25,200,2,18,120,0.4,5,50,15,5,0,20,1.4
KRYS,Krystal Biotech,kb111,KB111 — Hailey-Hailey disease,Phase 1/2,hhd,Hailey-Hailey disease,dermatology.rare_skin.hailey_hailey,True,0,,2,70,80,2.5,52,40,3,10,15,112,52,5,168,50,60,250,35,45,160,8,12,60,150,63,2,215,127.4
KYMR,Kymera Therapeutics,kt621,KT-621 — oral STAT6 degrader (AD + asthma),"Phase 2b (BROADEN2 AD, BREADTH asthma)",stat6,Type 2 inflammation (AD + asthma + EoE + CRSwNP),dermatology.inflammatory_derm.atopic_dermatitis_systemic,False,0,,1500,55,60,1200,42,30,2000,10,12,49500,15120,2400,67020,4,32,40,2,22,20,0.5,8,8,768,106,6,880,1.3
KYMR,Kymera Therapeutics,kt579,KT-579 — oral IRF5 degrader (autoimmune),Phase 1 (dosing early 2026),irf5,"SLE, RA, IBD (autoimmune)",immunology.autoimmune.sle,False,0,,300,55,60,250,42,30,400,10,12,9900,3150,480,13530,3,22,50,1.5,15,25,0.5,5,10,99,14,1,114,0.8
KYMR,Kymera Therapeutics,irak4,KT-485/SAR447971 — IRAK4 degrader (Sanofi),Phase 1 expected 2026 (partnered),irak4,"HS, AD, psoriasis, IBD (immuno-inflammatory)",dermatology.inflammatory_derm.hidradenitis_suppurativa,False,0,,200,55,60,160,42,30,200,10,12,6600,2016,240,8856,3,22,45,1.5,15,22,0.5,5,8,59,8,0,68,0.8
KYMR,Kymera Therapeutics,cdk2,CDK2 molecular glue (Gilead oncology),Preclinical (Gilead option),onc,Breast cancer + solid tumors,oncology.breast.hr_her2_neg,False,0,,443.8,55,12,475.5,40,5,665.7,12,2,2929,951,160,4040,1,12,150,0.5,8,80,0.2,3,30,80,15,1,96,2.4
LEGN,Legend Biotech,commercial,"CARVYKTI — 2L+ MM (approved, commercial)","Commercial (approved US/EU/Japan/China, OS benefit in label)",mm_2l,Multiple myeloma 2L+ (Legend's revenue share),oncology.hematology.myeloma,False,1060,2025,35,70,280,40,50,160,50,12,60,6860,3200,360,10420,22,60,465,15,40,350,6,18,200,2148,840,108,3096,29.7
LEGN,Legend Biotech,carv_1l,CARVYKTI — Frontline MM (CARTITUDE-5/6),Phase 3 (both enrolled),mm_1l,Frontline MM (Legend's incremental revenue),oncology.hematology.myeloma.frontline,False,0,,20,60,300,22,45,170,30,12,65,3600,1683,234,5517,12,55,465,8,40,350,4,18,200,614,246,43,903,16.4
LEGN,Legend Biotech,lucar,LUCAR-G39D — allogeneic gamma-delta CAR-T,Phase 1 (first-in-human data ASH 2025),nhl,B-cell NHL (allogeneic off-the-shelf),oncology.hematology.cll_nhl.dlbcl,False,0,,30,60,280,35,45,160,50,12,60,5040,2520,360,7920,2,35,350,1.2,22,250,0.5,10,150,74,23,4,100,1.3
LEGN,Legend Biotech,invivo,In vivo CAR-T platform,Phase 1 (first patient dosed),invivo_onc,In vivo CAR-T (oncology + autoimmune),oncology.hematology.myeloma.car_t_invivo,False,0,,20,40,200,22,25,140,30,8,60,1600,770,144,2514,5,25,200,3,15,140,2,8,80,50,14,4,68,2.7
LLY,Eli Lilly,commercial,Mounjaro + Zepbound (tirzepatide franchise),Commercial ($40B+ annualized Q4 run-rate),incretin,Diabetes (Mounjaro) + Obesity (Zepbound),cardio_metabolic.obesity.general,False,40000.0,,40000,50,15,30000,35,8,50000,8,3,300000,84000,12000,396000,12,80,14,4,35,8,1,12,4,53760,3360,240,57360,14.5
LLY,Eli Lilly,orforglipron,Orforglipron — oral GLP-1 (Foundayo),FDA approved Apr 2026,oral_glp1,Obesity + T2D (oral pill),cardio_metabolic.obesity.general,False,0,,40000,50,15,30000,35,8,50000,8,3,300000,84000,12000,396000,8,60,12,3,30,7,1,10,4,23040,1890,200,25130,6.3
LLY,Eli Lilly,retatrutide,Retatrutide — triple agonist (GLP-1/GIP/glucagon),Phase 3,triple,Obesity (next-gen triple agonist),cardio_metabolic.obesity.general,False,0,,40000,50,15,30000,35,8,50000,8,3,300000,84000,12000,396000,6,55,16,2,25,9,0.5,8,5,21120,1350,100,22570,5.7
LLY,Eli Lilly,verzenio,Verzenio (abemaciclib),Commercial ($4.5B 2025),bc,HR+ breast cancer,oncology.breast.hr_her2_neg,False,4500.0,2025,1109.5,55,12,1188.8,40,5,1664.3,12,2,7323,2378,399,10100,20,60,180,14,42,110,3,10,45,23965,7689,225,31879,315.6
LLY,Eli Lilly,taltz,Taltz (ixekizumab),Commercial ($3.0B 2025),pso_psa,Psoriasis + PsA + axSpA,dermatology.inflammatory_derm.psoriasis_systemic,False,3000.0,2025,1500,55,60,1200,42,30,2000,10,12,49500,15120,2400,67020,8,55,65,5,38,35,1,10,14,4290,798,28,5116,7.6
LLY,Eli Lilly,kisunla,Kisunla (donanemab),Commercial (launched 2024),alz,Early Alzheimer's,cns.neurodegeneration.alzheimer,False,800,2025,6000,50,28,5000,35,15,10000,8,5,84000,26250,4000,114250,1.5,55,32,0.4,25,18,0.1,8,8,1584,90,6,1680,1.5
LLY,Eli Lilly,jardiance,Jardiance (empagliflozin) — Lilly share,Commercial (BI partnership),t2d_hf,T2D + heart failure,cardio_metabolic.diabetes.t2d,False,3500,2025,25000,50,10,20000,40,5,60000,8,2,125000,40000,9600,174600,4,60,7,2,35,4,0.5,12,2,4200,560,72,4832,2.8
MDGL,Madrigal Pharmaceuticals,commercial,Rezdiffra (resmetirom) — MASH F2-F3,"Commercial (US approved Mar 2024, EU approved 2025)",mash,MASH with moderate-advanced fibrosis (F2-F3),cardio_metabolic.liver.mash,False,300,2025,3000,50,30,2500,38,15,4000,8,6,45000,14250,1920,61170,2,45,50,1.2,32,30,0.3,8,12,1350,288,12,1650,2.7
MDGL,Madrigal Pharmaceuticals,f4c,Rezdiffra — MASH F4 compensated cirrhosis,Outcomes study ongoing (first-to-market outcomes data),mash_f4,MASH with compensated cirrhosis (F4c),cardio_metabolic.liver.mash,False,0,,3000,50,30,2500,38,15,4000,8,6,45000,14250,1920,61170,3,40,50,2,28,30,0.4,8,12,1800,420,15,2235,3.7
MDGL,Madrigal Pharmaceuticals,combos,Rezdiffra combination pipeline (GLP-1 + DGAT-2 + siRNA),Phase 1/2 + preclinical,mash_combo,MASH combination therapies,cardio_metabolic.liver.mash,False,0,,3000,50,30,2500,38,15,4000,8,6,45000,14250,1920,61170,0.8,25,60,0.5,18,35,0.1,5,14,360,79,3,442,0.7
NAMS,NewAmsterdam Pharma,obi_mono,Obicetrapib monotherapy,EMA approval H2 2026,ldl_mono,LDL-C lowering,cardio_metabolic.lipids.ldl_lowering,False,0,,20000,50,8,16000,40,4,30000,8,2,80000,25600,4800,110400,1.5,35,6,1.0,30,3,0.3,8,1.5,630,144,11,785,0.7
NAMS,NewAmsterdam Pharma,obi_fdc,Obicetrapib/ezetimibe FDC,EMA approval H2 2026,ldl_fdc,LDL-C FDC,cardio_metabolic.lipids.ldl_lowering,False,0,,20000,50,8,16000,40,4,30000,8,2,80000,25600,4800,110400,1.2,38,7,0.8,32,3.5,0.2,8,1.5,638,143,7,789,0.7
NAMS,NewAmsterdam Pharma,prevail,PREVAIL CVOT,Phase 3 ongoing,cvot,CV outcomes,cardio_metabolic.lipids.cv_outcomes,False,0,,15000,50,10,12000,40,5,20000,8,2,75000,24000,3200,102200,1.0,30,8,0.6,25,4,0.2,6,2,360,72,5,437,0.4
NAMS,NewAmsterdam Pharma,alzheimer,Obicetrapib Alzheimer,Phase 2 + trial 2026,alz,Alzheimer disease,cns.neurodegeneration.alzheimer,False,0,,6000,50,28,5000,35,15,10000,8,5,84000,26250,4000,114250,0.3,15,8,0.15,10,4,0.05,3,2,22,3,0,25,0.0
NAMS,NewAmsterdam Pharma,rubens,RUBENS T2D Phase 3,Phase 3 enrolling,t2d,Type 2 diabetes,cardio_metabolic.diabetes.t2d,False,0,,25000,50,10,20000,40,5,60000,8,2,125000,40000,9600,174600,0.5,28,6,0.3,22,3,0.1,5,1.5,210,40,4,254,0.1
NBIX,Neurocrine Biosciences,commercial,Ingrezza (valbenazine) - tardive dyskinesia,"Commercial ($2.51B 2025, guide $2.7-2.8B 2026)",td,Tardive dyskinesia + Huntington chorea,cns.movement.tardive_dyskinesia,False,2510.0,2025,600,60,100,400,35,55,300,10,20,36000,7700,600,44300,10,70,100,3,35,55,0.5,10,20,4200,231,3,4434,10.0
NBIX,Neurocrine Biosciences,crenessity,Crenessity (crinecerfont) - CAH,"Commercial (launched Dec 2024, $301M 2025)",cah,Congenital adrenal hyperplasia,endocrine.adrenal.cah,True,301.0,2024,30,70,100,25,52,50,35,12,20,2100,650,84,2834,45,65,120,30,45,75,8,12,30,1053,253,10,1316,46.4
NBIX,Neurocrine Biosciences,osav,Osavampator - AMPA receptor (MDD),"Phase 3 (initiated 2025, data early 2027)",mdd,Major depressive disorder,cns.psychiatry.depression,False,0,,8000,55,12,6000,40,6,10000,8,3,52800,14400,2400,69600,2,35,14,1.2,25,8,0.3,6,3,784,144,5,933,1.3
NBIX,Neurocrine Biosciences,direc,Direclidine - muscarinic (schizophrenia),"Phase 3 (NBI-568, data 2027)",schizo,Schizophrenia,cns.psychiatry.schizophrenia,False,0,,1500,55,25,1200,42,12,2000,10,5,20625,6048,1000,27673,8,40,28,5,30,15,1,8,6,1344,270,10,1624,5.9
NBIX,Neurocrine Biosciences,pipeline,Earlier muscarinic + neuro pipeline,Phase 1/2,neuro_pipe,Broader neuro/psych pipeline,cns.psychiatry.schizophrenia,False,0,,1500,55,25,1200,42,12,2000,10,5,20625,6048,1000,27673,2,25,28,1.2,18,15,0.2,5,6,210,39,1,250,0.9
NBIX,Neurocrine Biosciences,vykat,VYKAT XR (diazoxide choline) — PWS hyperphagia (ex-SLNO),"Commercial ($190M 2025, acquired Apr 2026 for $2.9B)",pws,Prader-Willi syndrome hyperphagia,cardio_metabolic.obesity.rare_genetic,True,190.0,2025,500,70,80,400,50,40,600,10,15,28000,8000,900,36900,15,55,90,10,38,55,2,10,22,3712,836,26,4575,12.4
NKTR,Nektar Therapeutics,rezpeg_ad,Rezpegaldesleukin (Treg) — Atopic Dermatitis,Phase 2b complete → Phase 3 ZENITH-AD Q2 2026,ad,Atopic dermatitis (mod-severe),dermatology.inflammatory_derm.atopic_dermatitis_systemic,False,0,,1500,55,60,1200,42,30,2000,10,12,49500,15120,2400,67020,5,38,40,3,28,20,0.8,8,8,1140,202,10,1352,2.0
NKTR,Nektar Therapeutics,rezpeg_aa,Rezpegaldesleukin — Alopecia Areata,"Phase 2b (REZOLVE-AA, PoC Dec 2025)",aa,Alopecia areata (severe),dermatology.rare_skin.alopecia_areata,False,0,,300,55,50,250,40,25,400,8,10,8250,2500,320,11070,5,30,40,3,22,20,0.5,6,8,180,33,1,214,1.9
NKTR,Nektar Therapeutics,rezpeg_t1d,Rezpegaldesleukin — Type 1 Diabetes,Phase 2,t1d,Type 1 diabetes,cardio_metabolic.diabetes.t1d,False,0,,1600,55,12,1200,45,6,2500,10,3,10560,3240,750,14550,1,20,30,0.5,15,15,0.2,5,5,96,13,1,111,0.8
NKTR,Nektar Therapeutics,nktr255,NKTR-255 — IL-15 receptor agonist,Phase 1/2 (multiple combos),onc,Oncology (CAR-T/CPI combos),oncology.hematology.cll_nhl.car_t_combo,False,0,,5,50,410,6,30,300,8,8,150,1025,540,96,1661,8,25,100,4,18,60,1,5,25,10,3,0,13,0.8
NTLA,Intellia Therapeutics,lonvoz,Lonvo-z (NTLA-2002) — Hereditary Angioedema,Phase 3 HAELO fully enrolled Sep 2025; topline mid-2026; BLA H2 2026; launch 1H27,hae,Hereditary Angioedema (HAE types I/II),immunology.autoimmune.hereditary_angioedema,True,0,,7,78,400,8,60,200,10,15,70,2184,960,105,3249,30,65,500,18,50,250,5,12,80,683,180,5,867,26.7
NTLA,Intellia Therapeutics,nexz_cm,Nex-z (NTLA-2001) — ATTR Cardiomyopathy,Phase 3 MAGNITUDE — hold LIFTED Mar 2 2026 after Grade 4 liver event + patient death,attr_cm,ATTR amyloidosis with cardiomyopathy,cardio_metabolic.attr.attr_cm,True,0,,120,70,250,100,50,130,80,15,50,21000,6500,600,28100,5,42,500,3,30,250,1,8,80,1260,225,5,1490,5.3
NTLA,Intellia Therapeutics,nexz_pn,Nex-z (NTLA-2001) — ATTR Polyneuropathy,"Phase 3 MAGNITUDE-2 — hold LIFTED Jan 27 2026, enrollment resumed, completion 2H26",attr_pn,Hereditary ATTR amyloidosis with polyneuropathy (ATTRv-PN),cardio_metabolic.attr.attr_pn,True,0,,10,75,300,12,55,150,15,15,60,2250,990,135,3375,15,50,500,8,38,250,2,10,80,375,91,2,469,13.9
NUVL,Nuvalent,zides,Zidesamtinib — ROS1-selective (NSCLC),"NDA filed (PDUFA Sep 18, 2026)",ros1,ROS1-positive NSCLC (TKI pre-treated + TKI-naïve expansion),oncology.lung.nsclc_driver.ros1,False,0,,2,70,200,2.5,55,110,6,12,45,280,151,32,464,40,55,220,28,40,130,5,10,50,97,36,2,135,29.1
NUVL,Nuvalent,nelad,Neladalkib — ALK-selective (NSCLC),NDA planned H1 2026 (TKI pre-treated),alk,ALK-positive NSCLC (TKI pre-treated + 1L Phase 3),oncology.lung.nsclc_driver.alk,False,0,,6,70,200,7,55,110,15,12,45,840,424,81,1344,20,45,220,14,32,130,3,10,50,119,41,2,162,12.0
NUVL,Nuvalent,nvl330,NVL-330 — HER2-selective (NSCLC),Phase 1a/1b (HEROEX-1),her2,HER2-altered NSCLC,oncology.lung.nsclc_driver.her2,False,0,,4,60,200,4.5,45,110,10,10,45,480,223,45,748,8,35,220,5,25,130,1,8,50,25,7,0,32,4.3
OCS,Oculis Holding,privo_on,OCS-05 Privosegtor — neuroprotection (Optic Neuritis),Registrational (PIONEER-1/2),on,Optic neuritis,ophthalmology.anterior_neuro.optic_neuritis,True,0,,11.3,75,250,13.2,55,110,13.2,15,40,2119,799,79,2997,25,60,200,15,45,100,4,12,35,339,89,2,430,14.4
OCS,Oculis Holding,privo_naion,OCS-05 Privosegtor (NAION),"Registrational (PIONEER-3, mid-2026)",naion,NAION,ophthalmology.anterior_neuro.naion,True,0,,15.1,75,250,17.6,55,110,17.6,15,40,2831,1065,106,4002,20,55,200,12,40,100,3,10,35,332,84,2,419,10.5
OCS,Oculis Holding,ocs01,OCS-01 eye drop (DME),"Phase 3 (DIAMOND-1/2, data Q2 2026)",dme,Diabetic macular edema,ophthalmology.retina.dme,False,0,,750,55,18,600,42,10,2000,8,3,7425,2520,480,10425,3,35,15,2,25,8,0.5,8,3,118,24,2,145,1.4
OCS,Oculis Holding,licam,OCS-02 Licaminlimab — topical anti-TNFα (DED),"Registrational (PREDICT-1, data Q4 2026)",ded,Dry eye disease (precision med),ophthalmology.anterior_neuro.dry_eye,False,0,,665.7,55,12,713.3,40,5,998.6,12,2,4394,1427,240,6060,2,25,12,1,18,6,0.3,5,3,40,8,0,48,0.8
ONC,BeOne Medicines,commercial,Brukinsa (zanubrutinib),Commercial ($3.9B 2025),btk,CLL + MCL + WM + B-cell malignancies,oncology.hematology.cll_nhl,False,3900.0,2025,180,65,220,200,48,130,250,12,50,25740,12480,1500,39720,22,65,210,15,48,125,4,12,50,5405,1800,60,7265,18.3
ONC,BeOne Medicines,tevimbra,Tevimbra (tislelizumab),Commercial ($737M 2025),pd1,Solid tumors + hematology,oncology.gi.gastric_esoph,False,737.0,2025,45,60,190,55,45,105,300,8,40,5130,2599,960,8689,12,60,180,8,45,100,8,15,40,583,198,144,925,10.6
ONC,BeOne Medicines,sonro,Sonrotoclax - BCL2 inhibitor,Phase 3,bcl2,CLL + NHL (BCL2),oncology.hematology.cll_nhl.bcl2,False,0,,80,55,200,90,42,120,120,10,45,8800,4536,540,13876,12,45,180,8,35,110,3,10,45,778,277,16,1071,7.7
ONC,BeOne Medicines,btk_cdac,BGB-16673 - BTK CDAC,Phase 2/3,btk_deg,BTK-resistant B-cell malignancies,oncology.hematology.cll_nhl.btk_resistant,False,0,,15,65,250,18,50,140,25,12,55,2438,1260,165,3862,15,40,200,10,32,120,4,10,50,180,69,5,254,6.6
ONC,BeOne Medicines,pipeline,Broader pipeline,Phase 1-3,onc_pipe,HCC + gastric + other solid tumors,oncology.gi.hcc,False,0,,35,60,200,40,45,110,400,7,40,4200,1980,1120,7300,5,35,180,3,28,100,2,8,35,110,34,22,166,2.3
PEPG,PepGen,edodm1,PGN-EDODM1,Phase 2,dm1,DM1,musculoskeletal.neuromuscular.dm1,True,0,,15,70,250,18,52,130,20,12,50,2625,1217,120,3962,8.8,70,350,6.3,50,220,8.3,20,150,323,125,50,498,12.6
PEPG,PepGen,edo51,PGN-EDO51 (DMD),Preclinical,dmd,DMD,musculoskeletal.neuromuscular.dmd.exon51,True,0,,2.0,75,320,2.5,50,180,3.5,12,80,480,225,34,739,3.9,55,500,3.4,35,300,7.4,10,150,21,9,4,34,4.6
PRAX,Praxis Precision Medicines,ulixa,Ulixacaltamide — T-type Ca++ channel (Essential Tremor),"NDA filed (PDUFA Sep 27, 2026)",et,Essential tremor,cns.movement.essential_tremor,False,0,,500,50,15,400,38,8,600,10,3,3750,1216,180,5146,12,55,15,7,38,8,2,10,3,495,85,4,584,11.3
PRAX,Praxis Precision Medicines,relut,Relutrigine — sodium channel modulator (DEEs),NDA filed (SCN2A + SCN8A DEEs),dee,SCN2A/SCN8A developmental & epileptic encephalopathies,cns.epilepsy.dee,True,0,,30,70,80,35,52,40,50,12,15,1680,728,90,2498,20,65,250,12,48,130,3,12,50,975,262,9,1246,49.9
PRAX,Praxis Precision Medicines,vormat,Vormatrigine — next-gen NaV modulator (focal epilepsy),Phase 3 (adjunctive FOS) + Phase 2 (monotherapy),fos,Focal onset seizures + generalized epilepsy,cns.epilepsy.focal,False,0,,1200,55,20,1000,42,10,2000,10,4,13200,4200,800,18200,6,42,15,4,32,8,1,8,3,454,102,5,561,3.1
PRAX,Praxis Precision Medicines,elsun,Elsunersen — ASO (SCN2A-DEE),Phase 3 (EMBRAVE3),scn2a,SCN2A early-onset DEE (ASO platform),cns.epilepsy.dee,True,0,,30,70,80,35,52,40,50,12,15,1680,728,90,2498,18,60,250,10,45,130,2,10,50,810,205,5,1020,40.8
PRAX,Praxis Precision Medicines,preclin,PRAX-020 (KCNT1) + PRAX-080 (PCDH19) + PRAX-090 (SYNGAP1),Preclinical,rare_epi,Rare genetic epilepsies pipeline,cns.epilepsy.generalized,True,0,,400,55,20,350,42,10,600,10,4,4400,1470,240,6110,1,15,80,0.5,10,40,0.2,5,15,48,7,1,56,0.9
RVMD,Revolution Medicines,darax_pdac,Daraxonrasib — RAS(ON) multi-selective (PDAC),"Phase 3 (RASolute 302 2L readout H1 2026, 303 1L dosing, 304 adjuvant)",pdac,Pancreatic cancer (PDAC),oncology.gi.pancreatic,False,0,,60,55,180,65,42,100,120,8,40,5940,2730,384,9054,20,50,180,12,38,100,3,8,40,1080,296,12,1388,15.3
RVMD,Revolution Medicines,darax_nsclc,Daraxonrasib (NSCLC),Phase 3 (RASolute 301 2L+ NSCLC),nsclc,RAS-mutant NSCLC,oncology.lung.nsclc_driver.kras,False,0,,20,60,200,22,45,110,50,10,45,2400,1089,225,3714,18,48,180,10,35,100,3,8,40,311,77,5,393,10.6
RVMD,Revolution Medicines,zoldon,Zoldonrasib — G12D-selective (PDAC+NSCLC),Phase 3 (RASolute 305 1L PDAC) + Phase 1 NSCLC,g12d,KRAS G12D cancers,oncology.gi.colorectal,False,0,,150,60,180,170,45,100,350,10,40,16200,7650,1400,25250,8,42,180,5,32,100,1.5,8,40,907,272,17,1196,4.7
RVMD,Revolution Medicines,eliron,Elironrasib — G12C-selective,Phase 1/2,g12c,KRAS G12C cancers (next-gen),oncology.lung.nsclc_driver.kras,False,0,,20,60,200,22,45,110,50,10,45,2400,1089,225,3714,8,30,180,5,22,100,1,6,40,86,24,1,112,3.0
RVMD,Revolution Medicines,pipeline,RMC-5127 (G12V) + RMC-0708 (Q61H) + RMC-8839 (G13C),Ph1 / Preclinical,other_ras,Other RAS mutations,oncology.gi.pancreatic,False,0,,60,55,180,65,42,100,120,8,40,5940,2730,384,9054,3,20,180,2,15,100,0.5,5,40,65,20,1,86,0.9
RYTM,Rhythm Pharmaceuticals,commercial,Imcivree (setmelanotide) — BBS + POMC/LEPR,"Commercial ($195M 2025, +50% YoY)",rare_ob,Rare MC4R pathway obesity (BBS + POMC/LEPR),cardio_metabolic.obesity.rare_genetic,True,195.0,2025,500,70,80,400,50,40,600,10,15,28000,8000,900,36900,12,65,420,8,45,260,2,10,110,16380,3744,132,20256,54.9
RYTM,Rhythm Pharmaceuticals,acq_ho,Setmelanotide — acquired hypothalamic obesity,"sNDA (PDUFA Mar 20, 2026)",ho,Acquired hypothalamic obesity,cardio_metabolic.obesity.rare_genetic,True,0,,500,70,80,400,50,40,600,10,15,28000,8000,900,36900,18,55,400,12,40,250,2,10,100,19800,4800,120,24720,67.0
RYTM,Rhythm Pharmaceuticals,emanate,Setmelanotide — EMANATE (rare MC4R diseases),Phase 3 (topline Mar 2026),mc4r_rare,4 additional rare MC4R pathway diseases,cardio_metabolic.obesity.rare_genetic,True,0,,500,70,80,400,50,40,600,10,15,28000,8000,900,36900,25,55,420,18,42,260,3,10,110,28875,7862,198,36935,100.1
RYTM,Rhythm Pharmaceuticals,bivam,Bivamelagon — oral MC4R agonist,"Phase 2 OLE positive, Phase 3 planned YE 2026",oral_mc4r,Acquired HO (oral formulation),cardio_metabolic.obesity.rare_genetic,True,0,,500,70,80,400,50,40,600,10,15,28000,8000,900,36900,10,45,180,6,32,110,1,8,45,4050,845,22,4916,13.3
RYTM,Rhythm Pharmaceuticals,pws,Setmelanotide + RM-718 — Prader-Willi syndrome,Phase 2 exploratory + Phase 1/2,pws,Prader-Willi syndrome,cardio_metabolic.obesity.rare_genetic,True,0,,500,70,80,400,50,40,600,10,15,28000,8000,900,36900,15,40,400,10,30,250,2,8,100,12000,3000,96,15096,40.9
SRPT,Sarepta Therapeutics,elevidys,Elevidys (delandistrogene moxeparvovec),Commercial ($899M 2025),dmd_gt,DMD gene therapy (ambulatory),musculoskeletal.neuromuscular.dmd.gene_therapy,True,899,2025,7,55,2600,9,35,1800,12,10,800,10010,5670,960,16640,45,55,2600,30,35,1800,10,12,800,4504,1701,115,6321,38.0
SRPT,Sarepta Therapeutics,exondys,Exondys 51 (eteplirsen),Commercial ($575M 2025),dmd_ex51,DMD exon 51 skipping,musculoskeletal.neuromuscular.dmd.exon51,True,575,2025,2.0,75,320,2.5,50,180,3.5,12,80,480,225,34,739,95,80,320,88.9,50,180,95,12,80,486,200,32,718,97.3
SRPT,Sarepta Therapeutics,amondys,Amondys 45 (casimersen),Commercial ($245M 2025),dmd_ex45,DMD exon 45 skipping,musculoskeletal.neuromuscular.dmd.exon45,True,245,2025,1.4,70,300,1.7,45,170,2.5,10,80,294,130,20,444,95,75,300,73.5,40,170,95,10,80,299,85,19,403,90.8
SRPT,Sarepta Therapeutics,vyondys,Vyondys 53 (golodirsen),Commercial ($125M 2025),dmd_ex53,DMD exon 53 skipping,musculoskeletal.neuromuscular.dmd.exon53,True,125,2025,1.2,65,300,1.5,40,170,2.0,8,80,234,102,13,349,66.7,70,300,56.0,35,170,95,8,80,168,50,12,230,66.0
SRPT,Sarepta Therapeutics,srp9003,SRP-9003 (bidridistrogene),Phase 3 (BLA track),lgmd2e,LGMD type 2E (beta-sarcoglycanopathy),musculoskeletal.neuromuscular.lgmd,True,0,,5,75,1500,6,55,800,8,12,300,5625,2640,288,8553,1.3,65,3000,0.9,45,2000,2.1,15,800,127,49,20,196,2.3
SRPT,Sarepta Therapeutics,srp1001,SRP-1001 (siRNA FSHD),Phase 1/2,fshd,FSHD type 1,musculoskeletal.neuromuscular.fshd,True,0,,17,70,250,20,52,130,25,12,50,2975,1352,150,4477,9.2,50,250,7.7,35,140,16.7,12,60,196,75,30,301,6.7
SRPT,Sarepta Therapeutics,srp1003,SRP-1003 (siRNA DM1),Phase 1/2,dm1,Myotonic dystrophy type 1 (DM1),musculoskeletal.neuromuscular.dm1,True,0,,15,70,250,18,52,130,20,12,50,2625,1217,120,3962,11.0,45,350,9.3,30,200,20.0,10,100,260,100,40,400,10.1
TVTX,Travere Therapeutics,filspari_igan,FILSPARI (sparsentan) — IgA Nephropathy,"Commercial (full approval, growing rapidly)",igan,IgA Nephropathy,immunology.autoimmune.iga_nephropathy,True,350,2025,130,60,80,120,45,40,300,10,15,6240,2160,450,8850,8,45,130,5,32,80,0.8,10,30,608,154,7,769,8.7
TVTX,Travere Therapeutics,filspari_fsgs,FILSPARI (sparsentan) — FSGS,Commercial (full approval Apr 13 2026 — first ever FSGS therapy),fsgs,Focal Segmental Glomerulosclerosis (without nephrotic syndrome),immunology.autoimmune.fsgs,True,50,2025,40,65,100,35,48,50,50,10,20,2600,840,100,3540,6,38,130,4,28,80,0.6,8,30,119,31,1,151,4.3
TVTX,Travere Therapeutics,pegtibatinase,Pegtibatinase (TVT-058) — Classical Homocystinuria,Phase 3 HARMONY restarted Q1 2026 (~70 patients enrolling),hcu,Classical homocystinuria (CBS deficiency),cardio_metabolic.rare_metabolic.homocystinuria,True,0,,1,75,350,1.2,58,180,2,12,60,262,125,14,402,65,60,400,45,45,250,10,12,100,156,61,2,219,54.5
UCB,UCB SA,commercial,Bimzelx (bimekizumab) - IL-17A/F,"Commercial (psoriasis + HS + PsA + axSpA, E2.2B 2025)",bimzelx,Psoriasis + HS + PsA + axSpA,dermatology.inflammatory_derm.psoriasis_systemic,False,1500,2025,1500,55,60,1200,42,30,2000,10,12,49500,15120,2400,67020,5,45,70,4,35,40,0.8,10,16,2362,672,26,3060,4.6
UCB,UCB SA,neuro_rare,Fintepla + Rystiggo + Zilbrysq,Commercial (combined E976M 2025),neuro_port,Epilepsy + myasthenia gravis,cns.epilepsy.focal,False,976,2025,1200,55,20,1000,42,10,2000,10,4,13200,4200,800,18200,30,55,180,20,40,110,3,10,40,35640,8800,240,44680,245.5
UCB,UCB SA,evenity,Evenity (romosozumab) - osteoporosis,Commercial (Amgen partnered),osteo,Osteoporosis,musculoskeletal.bone_cartilage.osteoporosis,False,1200,2025,10000,45,8,8000,38,4,15000,8,2,36000,12160,2400,50560,3,45,22,2,32,13,0.3,8,5,2970,666,18,3654,7.2
UCB,UCB SA,cimzia,Cimzia (certolizumab),Commercial (declining),ra_cd,RA + Crohn's + PsA,immunology.inflammatory_systemic.rheumatoid_arthritis,False,400,2025,1500,55,55,1200,42,28,2000,10,10,45375,14112,2000,61487,2,30,50,1.2,22,28,0.2,6,10,450,89,2,541,0.9
UCB,UCB SA,vimpat,Vimpat + Briviact,Commercial (E976M 2025),epilepsy_leg,Epilepsy (focal onset),cns.epilepsy.focal,False,900,2025,1200,55,20,1000,42,10,2000,10,4,13200,4200,800,18200,12,50,18,8,35,10,1,8,4,1296,280,6,1582,8.7
UCB,UCB SA,donzakimig,Donzakimig,Phase 2/3,epilepsy_new,Epilepsy,cns.epilepsy.focal,False,0,,1200,55,20,1000,42,10,2000,10,4,13200,4200,800,18200,4,32,20,3,22,12,0.5,6,4,307,79,2,389,2.1
UCB,UCB SA,dapirolizumab,Dapirolizumab,Phase 3,sle,SLE,immunology.autoimmune.sle,False,0,,300,55,60,250,42,30,400,10,12,9900,3150,480,13530,12,42,60,8,30,35,1,8,14,907,210,4,1122,8.3
VLA,Valneva SE,vla15,VLA15/LB6V (Lyme) — royalties,"Phase 3 complete (VALOR read out Mar 23, 2026)",lyme,Lyme disease (Valneva royalty stream),infectious_disease.vaccines.lyme,False,0,,20000,35,0.2,15000,30,0.15,5000,10,0.05,1400,675,25,2100,5,50,0.2,3,40,0.15,0.5,10,0.05,100,27,0,127,6.1
VLA,Valneva SE,ixchiq,IXCHIQ (Chikungunya),"US license suspended Aug 22, 2025; BLA+IND voluntarily withdrawn Jan 2026. Ex-US commercial (EU, Canada, UK, Brazil).",chik,Chikungunya (ex-US only),infectious_disease.vaccines.chikungunya,False,30,2025,200,40,0.2,150,35,0.15,500,15,0.05,16,8,4,28,55,72,0.28,35,58,0.18,22,35,0.1,22,5,4,32,114.1
VLA,Valneva SE,s4v2,S4V2 (Shigella),Phase 2 (two trials ongoing: infant safety/immunogenicity + Phase 2b CHIM human challenge),shig,Shigellosis,infectious_disease.vaccines.shigella_zika,False,0,,1000,30,0.2,800,25,0.15,5000,15,0.05,60,30,38,128,2,25,0.2,1,18,0.12,1,8,0.05,1,0,0,1,1.1
VLA,Valneva SE,zika,VLA1601 (Zika),Phase 1 complete (positive safety/immunogenicity Nov 2025),zika,Zika virus,infectious_disease.vaccines.shigella_zika,False,0,,1000,30,0.2,800,25,0.15,5000,15,0.05,60,30,38,128,1,15,0.15,0.5,10,0.1,1,8,0.05,0,0,0,0,0.4
VLA,Valneva SE,commercial,IXIARO + DUKORAL (Travel vaccines),Commercial,travel,Travel vaccines (steady-state revenue),infectious_disease.vaccines.travel,False,155,2025,0,0,0,0,0,0,0,0,0,0,0,0,0,10,60,0.2,8,50,0.15,3,15,0.08,0,0,0,0,0
VRDN,Viridian Therapeutics,veli,Veligrotug (IV),BLA filed,ted_iv,TED (IV),ophthalmology.anterior_neuro.ted,True,0,,50,65,200,45,48,100,50,12,40,6500,2160,240,8900,18,55,320,12,40,200,2,10,80,1584,432,8,2024,22.7
VRDN,Viridian Therapeutics,ele,Elegrobart (SC),Phase 3,ted_sc,TED (SC),ophthalmology.anterior_neuro.ted,True,0,,50,65,200,45,48,100,50,12,40,6500,2160,240,8900,14,45,200,10,32,120,1.5,8,50,630,173,3,806,9.1
